MUNICIPIO,COMUNA,BARRIO
MEDELLIN,N/A,
MEDELLIN,5,N/A
MEDELLIN,4,Aranjuez
MEDELLIN,9,La Milagrosa
MEDELLIN,9,Salvador 
MEDELLIN,6,N/A
MEDELLIN,N/A,
MEDELLIN,14,Poblado
MEDELLIN,N/A,N/A
MEDELLIN,1,N/A
MEDELLIN,5,N/A
MEDELLIN,N/A,
MEDELLIN,N/A,
MEDELLIN,6,N/A
MEDELLIN,8,N/A
MEDELLIN,16,Belen Fatima
MEDELLIN,11,Estadio
MEDELLIN,N/A,
MEDELLIN,10,N/A
MEDELLIN,13,N/A
MEDELLIN,1,N/A
MEDELLIN,N/A,N/A
MEDELLIN,2,Santa Cruz
MEDELLIN,7,Robledo Las Margaritas 
MEDELLIN,7,Aures
MEDELLIN,6,N/A
MEDELLIN,4,N/A
MEDELLIN,15,N/A
MEDELLIN,N/A,
MEDELLIN ,11,Laureles
MEDELLIN,N/A,N/A
MEDELLIN,5,Castilla 
MEDELLIN,12,Calasanz 
MEDELLIN,5,N/A
MEDELLIN,7,N/A
MEDELLIN,3,N/A
MEDELLIN,9,N/A
MEDELLIN,10,N/A
MEDELLIN,N/A,
MEDELLIN,11,N/A
MEDELLIN,16,N/A
MEDELLIN,6,N/A
MEDELLIN,1,N/A
MEDELLIN,9,LORETO 
MEDELLIN,8,Villatina 
MEDELLIN,N/A,
MEDELLIN,9,N/A
MEDELLIN,6,N/A
MEDELLIN,2, LA FRANCIA 
MEDELLIN,N/A,
MEDELLIN,N/A,N/A
MEDELLIN,1,N/A
MEDELLIN,14,N/A
Medellin ,16,Rodeo alto
MEDELLIN,N/A,
MEDELLIN,N/A,
MEDELLIN,2,N/A
MEDELLIN,15,N/A
MEDELLIN,14,N/A
MEDELLIN,11,Nogal
MEDELLIN,9,Barrio la milagrosa 
MEDELLIN,4,Prado
MEDELLIN,10,N/A
MEDELLIN,5,N/A
MEDELLIN,5,N/A
MEDELLIN,10,N/A
MEDELLIN,16,N/A
MEDELLIN,50,N/A
MEDELLIN,N/A,
MEDELLIN,5,N/A
MEDELLIN,10,N/A
MEDELLIN,1,N/A
MEDELLIN,N/A,
MEDELLIN,N/A,N/A
MEDELLIN,8,el Rosario 
MEDELLIN,10,N/A
MEDELLIN,San Antonio de Prado,Barichara
MEDELLIN,5,Castilla 
MEDELLIN,10,Centro
MEDELLIN,9,buenos aures
MEDELLIN,N/A,
MEDELLIN,10,Centro 
MEDELLIN,6,N/A
MEDELLIN,1,N/A
MEDELLIN,9,Buenos aires
MEDELLIN,N/A,
MEDELLIN,N/A,
MEDELLIN,9,N/A
MEDELLIN,N/A,
MEDELLIN,9,N/A
MEDELLIN,10,N/A
MEDELLIN,9,Buenos Aires 
MEDELLIN,16,BELÉN SAN BERNARDO 
MEDELLIN,N/A,
MEDELLIN,9,Salvador
MEDELLIN,7,Aranjuez 
MEDELLIN,2,Santa cruz 
MEDELLIN,N/A,N/A
MEDELLIN,10,N/A
MEDELLIN,N/A,N/A
MEDELLIN,8,N/A
MEDELLIN,6,N/A
MEDELLIN,11,N/A
MEDELLIN,10,Prado
MEDELLIN,1,N/A
MEDELLIN,4,San  isidro
MEDELLIN,16,BELEN 
MEDELLIN,6,N/A
MEDELLIN,N/A,
MEDELLIN,1,Santo domingo 
MEDELLIN,10,Centro
MEDELLIN,5,N/A
MEDELLIN,5,Tricentenario
MEDELLIN,4,N/A
MEDELLIN,4,N/A
MEDELLIN,10,N/A
MEDELLIN,6,N/A
MEDELLIN,10,N/A
MEDELLIN,1,N/A
MEDELLIN,13,PRADERA
MEDELLIN,9,N/A
MEDELLIN,N/A,
MEDELLIN,14,N/A
MEDELLIN,10,N/A
MEDELLIN,2,N/A
MEDELLIN,1,N/A
MEDELLIN,2,N/A
MEDELLIN,4,N/A
MEDELLIN,10,N/A
MEDELLIN,15,N/A
MEDELLIN,8,N/A
MEDELLIN,6,N/A
MEDELLIN,1,PRADERA
MEDELLIN,1,N/A
MEDELLIN,N/A,
MEDELLIN,13,PRADERA
MEDELLIN,15,N/A
MEDELLIN,11,LAURELES 
MEDELLIN,9, BUENOS AIRES 
MEDELLIN,10,N/A
MEDELLIN,1,N/A
MEDELLIN,13,PRADERA
MEDELLIN,11,N/A
MEDELLIN,1,N/A
MEDELLIN,9,N/A
MEDELLIN,7,N/A
MEDELLIN,9,BARRIO LA MILAGROSA 
MEDELLIN,10,Las Vegas 
MEDELLIN,6,N/A
MEDELLIN,1,N/A
MEDELLIN,4,MORAVIA
MEDELLIN,13,N/A
MEDELLIN,13,Calasanz 
MEDELLIN,13,PRADERA
MEDELLIN,N/A,
MEDELLIN,1,PRADERA
MEDELLIN,7,Mirador
MEDELLIN,1,PRADERA
MEDELLIN,N/A,N/A
MEDELLIN,16,BELEN 
MEDELLIN,4,N/A
MEDELLIN,1,N/A
MEDELLIN,6,N/A
MEDELLIN,7,N/A
MEDELLIN,10,N/A
MEDELLIN,4,N/A
MEDELLIN,1,N/A
MEDELLIN,6,N/A
MEDELLIN,2,N/A
MEDELLIN,3, BARRIO MANRIQUE CENTRAL 
MEDELLIN,5,N/A
MEDELLIN,11,Los colores
MEDELLIN,9,N/A
MEDELLIN,10,N/A
MEDELLIN,3,N/A
MEDELLIN,16,Belen
MEDELLIN,1,N/A
MEDELLIN,1,N/A
MEDELLIN,2,N/A
MEDELLIN,10,N/A
MEDELLIN,10,N/A
MEDELLIN,2,N/A
MEDELLIN,90,Santa Elena vereda paysandu. 
MEDELLIN,1,N/A
MEDELLIN,10,N/A
MEDELLIN,1,N/A
MEDELLIN,3,N/A
MEDELLIN,4,Aranjuez
MEDELLIN,N/A,
MEDELLIN,10,N/A
MEDELLIN,1,N/A
MEDELLIN,10,Prado
MEDELLIN,N/A,N/A
MEDELLIN,2,N/A
MEDELLIN,10,N/A
MEDELLIN,3,N/A
MEDELLIN,3,N/A
MEDELLIN,1,N/A
MEDELLIN,4,N/A
MEDELLIN ,10,San Diego
MEDELLIN,13,N/A
MEDELLIN,12,N/A
MEDELLIN,2,Darien 
MEDELLIN,6,N/A
MEDELLIN,3,N/A
MEDELLIN,16,N/A
MEDELLIN,10,N/A
MEDELLIN,7,N/A
MEDELLIN,10,N/A
MEDELLIN,N/A,N/A
MEDELLIN,13,PRADERA
MEDELLIN,4,N/A
MEDELLIN,13,JUAN 23
MEDELLIN,1,PRADERA
MEDELLIN,1,N/A
MEDELLIN,1,N/A
MEDELLIN,10,N/A
MEDELLIN,5,N/A
MEDELLIN,3,N/A
MEDELLIN,N/A,N/A
MEDELLIN,N/A,N/A
MEDELLIN,11,N/A
MEDELLIN,4, BARRIO CAMPO VALDÉS
Medellin,11,Prado centro
MEDELLIN,5, CASTILLA 
MEDELLIN,N/A, 
MEDELLIN,11,Los  colores
MEDELLIN,7,LA AURORA
MEDELLIN,N/A,N/A
MEDELLIN,9,Buenos aire 
MEDELLIN,9,N/A
MEDELLIN,8,La libertad 
MEDELLIN,9,N/A
MEDELLIN,4,N/A
MEDELLIN,1,N/A
MEDELLIN,N/A,N/A
MEDELLIN,1, CARAMBOLAS
MEDELLIN,N/A,
MEDELLIN,13,N/A
MEDELLIN,10,N/A
MEDELLIN,2,N/A
MEDELLIN,1,N/A
MEDELLIN,N/A,N/A
MEDELLIN,N/A,N/A
MEDELLIN,N/A,N/A
MEDELLIN,1,N/A
MEDELLIN,1,N/A
MEDELLIN,1,N/A
MEDELLIN,1,N/A
MEDELLIN,N/A,N/A
MEDELLIN,N/A,N/A
MEDELLIN,N/A,N/A
MEDELLIN,9,N/A
MEDELLIN,8,N/A
MEDELLIN,5,Castilla 
MEDELLIN,16,BELEN 
MEDELLIN,11,N/A
MEDELLIN,6,N/A
MEDELLIN,13,N/A
MEDELLIN,12,CALASANZ 
MEDELLIN,13,JUAN 23
MEDELLIN,10,Bomboná 
MEDELLIN,14,N/A
MEDELLIN,7,Robledo 
MEDELLIN,5,N/A
MEDELLIN,1,Santo domingo 
MEDELLIN,12,N/A
MEDELLIN,13,JUAN 23
MEDELLIN,N/A,MEDELLIN
MEDELLIN,2,N/A
MEDELLIN,14,N/A
MEDELLIN,10,Prado
MEDELLIN,15,N/A
MEDELLIN,16,N/A
MEDELLIN,N/A,MEDELLIN
MEDELLIN,1,N/A
MEDELLIN,12,N/A
MEDELLIN,1,N/A
MEDELLIN,1,N/A
MEDELLIN,2,N/A
MEDELLIN,1,N/A
MEDELLIN,9,N/A
MEDELLIN,8,N/A
MEDELLIN,10,N/A
MEDELLIN,4,N/A
MEDELLIN,N/A,N/A
MEDELLIN,N/A,N/A
MEDELLIN,N/A,N/A
MEDELLIN,8,N/A
MEDELLIN,N/A,
MEDELLIN,9,N/A
MEDELLIN,2,METROCABLE
MEDELLIN,13,JUAN 23
MEDELLIN,9,Salvador 
MEDELLIN,13,PRADERA
MEDELLIN,9,N/A
MEDELLIN,6,N/A
MEDELLIN,2,Villa delsocorro
MEDELLIN,2,N/A
MEDELLIN,4,CAMPO VALDES
MEDELLIN,6,N/A
MEDELLIN,9,N/A
MEDELLIN,2,N/A
MEDELLIN,13,PRADERA
MEDELLIN,1,N/A
MEDELLIN,6,N/A
MEDELLIN,13,JUAN 23
MEDELLIN,1,N/A
MEDELLIN,1,JUAN 23
MEDELLIN,1,PRADERA
MEDELLIN,10,N/A
MEDELLIN,1,N/A
MEDELLIN,8,Villatina 
MEDELLIN,10,N/A
MEDELLIN,5,Boyaca
MEDELLIN,5,N/A
MEDELLIN,16,Belén la palma
MEDELLIN,13,PRADERA
MEDELLIN,10,N/A
MEDELLIN,6,N/A
MEDELLIN,N/A,
MEDELLIN,2,Villa del socorro 
MEDELLIN,1,N/A
MEDELLIN,2,Villa del socorro 
MEDELLIN,3,N/A
MEDELLIN,3,N/A
MEDELLIN,14,N/A
MEDELLIN,16,N/A
MEDELLIN,6,N/A
MEDELLIN,1,N/A
MEDELLIN,6,N/A
MEDELLIN,3,N/A
MEDELLIN,6,N/A
MEDELLIN,1,JUAN 23
MEDELLIN,12,N/A
MEDELLIN,10,N/A
MEDELLIN,13,PRADERA
MEDELLIN,11,N/A
MEDELLIN,3,N/A
MEDELLIN,9,N/A
MEDELLIN,10,Estación Villa
MEDELLIN,1,N/A
MEDELLIN,10,N/A
MEDELLIN,6,N/A
MEDELLIN,4, EL BOSQUE 
MEDELLIN,4,N/A
MEDELLIN,14,N/A
MEDELLIN,6,N/A
MEDELLIN,1,MANRIQUE SAN PABLO
MEDELLIN,2,N/A
MEDELLIN,2,N/A
MEDELLIN,6,N/A
MEDELLIN,3,N/A
MEDELLIN,5,N/A
MEDELLIN,1,N/A
MEDELLIN,N/A,N/A
MEDELLIN,15,N/A
MEDELLIN,N/A,N/A
MEDELLIN,14,N/A
MEDELLIN,1,N/A
MEDELLIN,3,N/A
MEDELLIN,1,N/A
MEDELLIN,9,N/A
MEDELLIN,13,N/A
MEDELLIN,3,N/A
MEDELLIN,1,N/A
MEDELLIN,6,N/A
MEDELLIN,7,N/A
MEDELLIN,12,N/A
MEDELLIN,14,N/A
MEDELLIN,13,N/A
MEDELLIN,8,ENCISO 
MEDELLIN,N/A,
MEDELLIN,3,N/A
MEDELLIN,13,N/A
MEDELLIN,2,N/A
MEDELLIN,9, BUENOS AIRES 
MEDELLIN,10,N/A
MEDELLIN,2,N/A
MEDELLIN,9,N/A
MEDELLIN,16,BELEN ALTAVISTA 
MEDELLIN,7, ROBLEDO 
MEDELLIN,9,N/A
MEDELLIN,8,N/A
MEDELLIN,2,N/A
MEDELLIN,13,N/A
MEDELLIN,10,N/A
MEDELLIN ,3,Manrique 
MEDELLIN,2,N/A
MEDELLIN,10,Centro
MEDELLIN,16,BELEN 
MEDELLIN ,16,Belén 
MEDELLIN,1,N/A
MEDELLIN,9,N/A
MEDELLIN,12,N/A
MEDELLIN,15,N/A
MEDELLIN,13,N/A
MEDELLIN,10,N/A
MEDELLIN,N/A,N/A
MEDELLIN,1,N/A
MEDELLIN,1,N/A
MEDELLIN,13,Floresta Alcázares 
MEDELLIN,14,Poblado
MEDELLIN,1,N/A
MEDELLIN,1,N/A
MEDELLIN,7,Robledo aures 
MEDELLIN,13,N/A
MEDELLIN,10,N/A
MEDELLIN ,10,Boston 
MEDELLIN,13,N/A
MEDELLIN,10,Prado
MEDELLIN,5,N/A
MEDELLIN,9,  BUENOS AIRES 
MEDELLIN,1,N/A
MEDELLIN,1,N/A
MEDELLIN,2,N/A
MEDELLIN,5,N/A
MEDELLIN,10,N/A
MEDELLIN,13,PRADERA
MEDELLIN,13,N/A
MEDELLIN,4,N/A
MEDELLIN,14,N/A
MEDELLIN,2,N/A
MEDELLIN,5,N/A
MEDELLIN,7,ROBLEDO
MEDELLIN,10,N/A
MEDELLIN,6,N/A
MEDELLIN,4,CAMPO VALDES
MEDELLIN,5,N/A
MEDELLIN,9,N/A
MEDELLIN,10,N/A
MEDELLIN,1,N/A
MEDELLIN,10,N/A
MEDELLIN,16,N/A
MEDELLIN,13,N/A
MEDELLIN,1,N/A
MEDELLIN,12,Dice de Octubre 
MEDELLIN,13,PRADERA
MEDELLIN,16,Belén 
MEDELLIN,10,N/A
MEDELLIN,10,N/A
MEDELLIN,3,N/A
MEDELLIN,3,N/A
MEDELLIN,N/A,
MEDELLIN,13,N/A
MEDELLIN,2,N/A
MEDELLIN,4,Manrique 
MEDELLIN,10,N/A
MEDELLIN,7,Aures
MEDELLIN,3,N/A
MEDELLIN,1,N/A
MEDELLIN,6,N/A
MEDELLIN,4,N/A
MEDELLIN,3,N/A
MEDELLIN,7,La Juana 
MEDELLIN,2,Villa del Socorro 
MEDELLIN,10,N/A
MEDELLIN,4,N/A
MEDELLIN,9,N/A
MEDELLIN,9,Buenos Aires 
MEDELLIN,6,N/A
MEDELLIN,12,N/A
MEDELLIN,8,N/A
MEDELLIN,N/A,N/A
MEDELLIN,4,N/A
MEDELLIN,5,N/A
MEDELLIN,4,Aranjuez Palermo 
MEDELLIN,9,N/A
MEDELLIN,16,N/A
MEDELLIN,4,ARANJUEZ
MEDELLIN,2,N/A
MEDELLIN,N/A,
MEDELLIN,1,N/A
MEDELLIN,2,N/A
MEDELLIN,3, MANRIQUE 
MEDELLIN,9,N/A
MEDELLIN,3,N/A
MEDELLIN,6,Florencia
MEDELLIN,2,Villa del socorro 
MEDELLIN,12,COLINA DE CALASANZ 
MEDELLIN,9,  CAICEDO
MEDELLIN,6,N/A
MEDELLIN,4,CAMPO VALDÉS 
MEDELLIN,13,PRADERA
MEDELLIN,7,Robledo aures
MEDELLIN,N/A,
MEDELLIN,2,N/A
MEDELLIN,10,N/A
MEDELLIN,6,N/A
MEDELLIN,3,N/A
MEDELLIN,10,Centro 
MEDELLIN,12,N/A
MEDELLIN,1,BARRIO POPULAR 
MEDELLIN,12,N/A
MEDELLIN,1,Populsr 
MEDELLIN,2,N/A
MEDELLIN,N/A,N/A
MEDELLIN,N/A,N/A
MEDELLIN,2,N/A
MEDELLIN,2, SANTA CRUZ
MEDELLIN,6,N/A
MEDELLIN,N/A,
MEDELLIN,N/A, 
MEDELLIN ,12,Calazans 
MEDELLIN,5,N/A
MEDELLIN,10, BOSTON 
MEDELLIN,3,N/A
MEDELLIN,15,N/A
MEDELLIN,15,N/A
MEDELLIN,13,N/A
MEDELLIN,Santa Elena,Santa Elena
MEDELLIN,14,N/A
MEDELLIN,13,N/A
MEDELLIN,10,N/A
MEDELLIN,5,N/A
MEDELLIN,12,N/A
MEDELLIN,9, BARRIO CAICEDO
MEDELLIN,3,N/A
MEDELLIN,6,N/A
MEDELLIN,3,N/A
MEDELLIN,1,N/A
MEDELLIN,3,N/A
MEDELLIN,10,N/A
MEDELLIN,5,Castilla
MEDELLIN,4,N/A
MEDELLIN,5,N/A
MEDELLIN,4,Prado
MEDELLIN,10,N/A
MEDELLIN,6,N/A
MEDELLIN,6,12 de ocrubre
MEDELLIN,10,N/A
MEDELLIN,16,N/A
MEDELLIN,4,Las granjas 
MEDELLIN,2,N/A
MEDELLIN,4,Prado
MEDELLIN,10,N/A
MEDELLIN,1,N/A
MEDELLIN,6,N/A
MEDELLIN,16,N/A
MEDELLIN,11,Conquistadores
MEDELLIN,2,N/A
MEDELLIN,13,N/A
MEDELLIN,5,ALFONSO LOPEZ
MEDELLIN,6,N/A
MEDELLIN,9,N/A
MEDELLIN,16,N/A
MEDELLIN,9,N/A
medellin,10,boston
MEDELLIN,San Cristobal, SANCRISTOBAL 
MEDELLIN,6,N/A
MEDELLIN,8,N/A
MEDELLIN,N/A, 
MEDELLIN,1,N/A
MEDELLIN,3,N/A
MEDELLIN,10,Urbano 
MEDELLIN,6,Pedregal 
MEDELLIN,10,N/A
MEDELLIN,San Cristobal,Vereda la cuchilla 
MEDELLIN,6,N/A
MEDELLIN,10,N/A
MEDELLIN,5,CASTILLA
MEDELLIN,3,N/A
MEDELLIN,6,N/A
MEDELLIN,2,N/A
MEDELLIN,13,PRADERA
MEDELLIN,N/A,N/A
MEDELLIN,3,N/A
MEDELLIN,7,N/A
MEDELLIN ,15,Santa fe 
MEDELLIN,6,N/A
MEDELLIN,2,N/A
MEDELLIN,4,ARANJUEZ 
MEDELLIN,2,N/A
MEDELLIN,7,N/A
MEDELLIN,13,PRADERA
MEDELLIN,16,BELÉN RINCÓN 
MEDELLIN,4,CAMPO VALDÉS 
MEDELLIN,16,N/A
MEDELLIN,1,N/A
MEDELLIN,2, BARRIO LA FRANCIA 
MEDELLIN,12,N/A
MEDELLIN,4,N/A
MEDELLIN,N/A,N/A
MEDELLIN,2,N/A
MEDELLIN,2,N/A
MEDELLIN,1,N/A
MEDELLIN,1,N/A
MEDELLIN,2,N/A
MEDELLIN,2,N/A
MEDELLIN,1,N/A
MEDELLIN ,12,Cristóbal 
MEDELLIN,50,N/A
MEDELLIN,2,N/A
MEDELLIN,7,ROBLEDO MIRAMAR 
MEDELLIN,1,N/A
MEDELLIN,5,N/A
MEDELLIN,7,ROBLEDO 
MEDELLIN,N/A,N/A
MEDELLIN,50,N/A
MEDELLIN,13,N/A
MEDELLIN,10,N/A
MEDELLIN,6,N/A
MEDELLIN,10,N/A
MEDELLIN,N/A,N/A
MEDELLIN,4,N/A
MEDELLIN,10,N/A
MEDELLIN,8,N/A
MEDELLIN,3,N/A
MEDELLIN,N/A,N/A
MEDELLIN,3,Manrique 
MEDELLIN,1,N/A
MEDELLIN,16,N/A
MEDELLIN,5,Pedregal 
MEDELLIN,1,N/A
MEDELLIN,10,Boston
MEDELLIN,6,N/A
MEDELLIN,9,Salvador
MEDELLIN,9,MEDELLIN ENCISO
MEDELLIN,N/A,
MEDELLIN,N/A,
MEDELLIN,12,N/A
MEDELLIN,11,LAURELES 
MEDELLIN,9,N/A
MEDELLIN,1,N/A
MEDELLIN,16,N/A
MEDELLIN,N/A,
MEDELLIN,9,N/A
MEDELLIN,4,N/A
MEDELLIN,10,N/A
MEDELLIN,N/A,N/A
MEDELLIN,N/A,
MEDELLIN,N/A,N/A
MEDELLIN,5,N/A
MEDELLIN,10,N/A
MEDELLIN,5,N/A
MEDELLIN,N/A,N/A
MEDELLIN,14,N/A
MEDELLIN,3,N/A
MEDELLIN,N/A,Asunción
MEDELLIN,3,N/A
MEDELLIN,5,N/A
MEDELLIN,9,N/A
MEDELLIN,N/A,
MEDELLIN,12,La América 
MEDELLIN,14,N/A
MEDELLIN,N/A,
MEDELLIN,1,N/A
MEDELLIN,7,Robledo
MEDELLIN,7,ROBLEDO  HORIZONTE
MEDELLIN,N/A,N/A
MEDELLIN,6,N/A
MEDELLIN,N/A,
MEDELLIN,14,N/A
MEDELLIN,80,Comuna 80  MEDELLIN 
MEDELLIN,13,N/A
MEDELLIN,10,Prado
MEDELLIN,10,Belén 
MEDELLIN,4,ARANJUEZ
MEDELLIN,13,N/A
MEDELLIN,7,N/A
MEDELLIN,7,N/A
MEDELLIN,7,ROBLEDO
MEDELLIN,N/A,N/A
MEDELLIN,8,Enciso 
MEDELLIN,11,N/A
MEDELLIN,N/A,N/A
MEDELLIN,4,MORAVIA
MEDELLIN,5,N/A
MEDELLIN,12,N/A
MEDELLIN,6,12 octubre 
MEDELLIN,8,Robledo bello horizonte 
MEDELLIN,N/A,N/A
MEDELLIN,16,Belén 
MEDELLIN,6,N/A
MEDELLIN,4,N/A
MEDELLIN,8,N/A
MEDELLIN,9,N/A
MEDELLIN,10,N/A
MEDELLIN,N/A,N/A
MEDELLIN,5,N/A
MEDELLIN,5,Castilla 
MEDELLIN,7,N/A
MEDELLIN,N/A,N/A
MEDELLIN,N/A,
MEDELLIN,13,N/A
MEDELLIN,1,San Miguel 
MEDELLIN,10,N/A
MEDELLIN,2,N/A
MEDELLIN,50,N/A
MEDELLIN,1,SANTO DOMINGO
MEDELLIN,1,El compromiso 
MEDELLIN,3,3
MEDELLIN,N/A,N/A
MEDELLIN,7,ROBLEDO 
MEDELLIN,1,N/A
MEDELLIN,7,N/A
MEDELLIN,7,Robledo
MEDELLIN,10,N/A
MEDELLIN,16,Belén 
MEDELLIN,11,N/A
MEDELLIN,7,Sta Margarita
Medellin,7,Santa Margarita
MEDELLIN,6,N/A
MEDELLIN,16,Almendros el nogal 
MEDELLIN,13,N/A
MEDELLIN,N/A,
MEDELLIN,10,N/A
MEDELLIN,3,Jardin
MEDELLIN,4,N/A
MEDELLIN,10,N/A
MEDELLIN,1,Santo Domingo
MEDELLIN,2,N/A
MEDELLIN,13,N/A
MEDELLIN,2,N/A
MEDELLIN,9,La calle mocha loreto
MEDELLIN,1,Moscú 2
MEDELLIN,Santa Elena,VEREDA EL ROSARIO
MEDELLIN,2,N/A
MEDELLIN,11,N/A
MEDELLIN,14,N/A
MEDELLIN,3,N/A
MEDELLIN,3,N/A
MEDELLIN,10,N/A
MEDELLIN,San Antonio de Prado,Barichara 
MEDELLIN,9,Salvador
MEDELLIN,5,El Carmelo 
MEDELLIN,7,ROBLEDO
MEDELLIN,13,N/A
MEDELLIN,3,N/A
MEDELLIN,N/A,N/A
MEDELLIN,9,Salvador 
MEDELLIN,2,N/A
MEDELLIN,N/A,N/A
MEDELLIN,N/A,
MEDELLIN,10,N/A
MEDELLIN,3,Manrique 
MEDELLIN,10, BOSTÓN
MEDELLIN,5,N/A
MEDELLIN,N/A,N/A
MEDELLIN,N/A,
MEDELLIN,14,N/A
MEDELLIN,16,Belen Loma de los Bernal 
MEDELLIN,N/A,
MEDELLIN,5,N/A
MEDELLIN,10,N/A
MEDELLIN,1,N/A
MEDELLIN,5,N/A
MEDELLIN,11,N/A
MEDELLIN,16,N/A
MEDELLIN,7,Robledo
MEDELLIN,3,N/A
MEDELLIN,11,N/A
MEDELLIN,4,Manrique 
MEDELLIN,6,N/A
MEDELLIN,13,N/A
MEDELLIN,10,N/A
MEDELLIN,9, BUENOS AIRES
MEDELLIN,6,N/A
MEDELLIN,2,N/A
MEDELLIN,12,N/A
MEDELLIN,6,San Martín 
MEDELLIN,6,N/A
MEDELLIN,8,N/A
MEDELLIN,03,Anrique
MEDELLIN,2,N/A
MEDELLIN,11,N/A
MEDELLIN,3,N/A
MEDELLIN,N/A,N/A
MEDELLIN,N/A,
MEDELLIN,10,N/A
MEDELLIN,11,N/A
MEDELLIN,10,N/A
MEDELLIN,N/A,
MEDELLIN,N/A,N/A
MEDELLIN,N/A,
MEDELLIN,8,Prado
MEDELLIN,5,N/A
MEDELLIN,6,N/A
MEDELLIN,6,N/A
MEDELLIN,N/A,N/A
MEDELLIN,2,N/A
MEDELLIN,5,N/A
MEDELLIN,14,N/A
MEDELLIN,N/A,
MEDELLIN,3,N/A
MEDELLIN,N/A,
MEDELLIN,1,N/A
MEDELLIN,8,Prado
MEDELLIN,N/A,
MEDELLIN,5,N/A
MEDELLIN,10,N/A
MEDELLIN,9,BRISAS DEL RIO 
MEDELLIN,14,N/A
MEDELLIN,10,Prado centro 
MEDELLIN,9,N/A
MEDELLIN,9, BUENOS AIRES
MEDELLIN,N/A,N/A
MEDELLIN,12,Calazans 
MEDELLIN,2,N/A
MEDELLIN,N/A,
MEDELLIN,2,N/A
MEDELLIN,1,N/A
MEDELLIN,2,N/A
MEDELLIN,10,Las Vegas
MEDELLIN,N/A,N/A
MEDELLIN,3,N/A
MEDELLIN,4,N/A
MEDELLIN,6,N/A
Medellin,16,Belen
MEDELLIN,2,N/A
Medellin ,16,Loma de Los Bernal
MEDELLIN,11,Laureles 
MEDELLIN,N/A, 
MEDELLIN,2,Villa del Socorro
MEDELLIN,5,N/A
MEDELLIN,1,N/A
MEDELLIN,5,Aranjuez
MEDELLIN,10,BARRIOS DE JESÚS
MEDELLIN,9,N/A
MEDELLIN,N/A,N/A
MEDELLIN,2,N/A
MEDELLIN ,6,Pedregal 
MEDELLIN,6,N/A
MEDELLIN,1,N/A
MEDELLIN,1,N/A
MEDELLIN,5,N/A
MEDELLIN,N/A,N/A
MEDELLIN,N/A,N/A
MEDELLIN,N/A,N/A
MEDELLIN,13,San Javier 
MEDELLIN,8,La mansión 
MEDELLIN,7,ROBLEDO 
MEDELLIN,1,N/A
MEDELLIN,1,N/A
MEDELLIN,N/A,N/A
MEDELLIN,4,Campo valdez
MEDELLIN,10,N/A
MEDELLIN,6,N/A
MEDELLIN,13,N/A
MEDELLIN,N/A, 
MEDELLIN,16,Belen La Mota
MEDELLIN ,16,Brlen la mota
MEDELLIN,6,Pedregal 
MEDELLIN,N/A,N/A
MEDELLIN,N/A,
MEDELLIN,16,BELEN ZAFRA
MEDELLIN,14,Loma del indio 
Medellin,13,Belencito
MEDELLIN,13,Belencito
MEDELLIN,60,Palmitas 
MEDELLIN,10,N/A
MEDELLIN,N/A,N/A
MEDELLIN,San Cristobal,Playa rica 
MEDELLIN,2,Andalucía 
MEDELLIN,5,N/A
MEDELLIN,5,Castilla
MEDELLIN,5,N/A
MEDELLIN,6,N/A
MEDELLIN,2,N/A
MEDELLIN,4,Prado
MEDELLIN,1,N/A
MEDELLIN,11,Los Colores
MEDELLIN,6,N/A
MEDELLIN,1,N/A
MEDELLIN,N/A,
MEDELLIN,N/A,
MEDELLIN,7,N/A
MEDELLIN,9,N/A
MEDELLIN,14,N/A
MEDELLIN,1,N/A
MEDELLIN,1,N/A
MEDELLIN,5,N/A
MEDELLIN,9,N/A
MEDELLIN,N/A,N/A
MEDELLIN,14,N/A
MEDELLIN,12,Calasanz
MEDELLIN,5,N/A
MEDELLIN,N/A,N/A
MEDELLIN,5,Pedregal
MEDELLIN,6,Pedregal
MEDELLIN,10,N/A
MEDELLIN,5,Pedregal 
MEDELLIN,N/A,N/A
MEDELLIN,6,PEDREGAL 
MEDELLIN ,16,Belén 
MEDELLIN,1,N/A
MEDELLIN,6,N/A
MEDELLIN,1,N/A
MEDELLIN,6,N/A
MEDELLIN,1,N/A
MEDELLIN,6,N/A
MEDELLIN,7,ROBLEDO 
MEDELLIN,N/A,MEDELLIN 
MEDELLIN,N/A,
MEDELLIN,50,Palmitas
MEDELLIN,5,Toscana 
MEDELLIN,13,PRADERA
MEDELLIN,1,N/A
MEDELLIN,5,N/A
MEDELLIN,N/A,
MEDELLIN,1,POPULAR 1
MEDELLIN,5,N/A
MEDELLIN,6,N/A
MEDELLIN,1,N/A
MEDELLIN,1,N/A
MEDELLIN,N/A,N/A
MEDELLIN,7,N/A
MEDELLIN,6, PICACHITO
MEDELLIN,1,N/A
MEDELLIN,N/A,N/A
MEDELLIN,10,N/A
MEDELLIN,7,Robledo
MEDELLIN,4,N/A
MEDELLIN,6,N/A
MEDELLIN,14,N/A
MEDELLIN,6,N/A
MEDELLIN,6,N/A
MEDELLIN,6,N/A
MEDELLIN,N/A,
MEDELLIN,1,BARRIO SANTO DOMINGO SAVIO
MEDELLIN,6,N/A
MEDELLIN,13,N/A
MEDELLIN,13,N/A
MEDELLIN,7,N/A
MEDELLIN,13,N/A
MEDELLIN,12,N/A
MEDELLIN,12,N/A
MEDELLIN,13,N/A
MEDELLIN,1,N/A
MEDELLIN,4, LAS ESMERALDAS 
MEDELLIN,1,N/A
MEDELLIN,13,N/A
MEDELLIN,13,N/A
MEDELLIN,13,N/A
MEDELLIN,13,N/A
MEDELLIN,13,N/A
MEDELLIN,16,BELENCITO 
MEDELLIN,13,N/A
MEDELLIN,13,N/A
MEDELLIN,16, -BELÉN ZAFRA
MEDELLIN,16,N/A
MEDELLIN,5,N/A
MEDELLIN,1,N/A
MEDELLIN,5,N/A
MEDELLIN,4,N/A
MEDELLIN,13,N/A
MEDELLIN,11,N/A
MEDELLIN,N/A,N/A
MEDELLIN,9,Buenos aires
MEDELLIN,1,N/A
MEDELLIN,4, ARANJUEZ 
MEDELLIN,10, CHAGUALO 
MEDELLIN,9,N/A
MEDELLIN,10,N/A
MEDELLIN,2,N/A
MEDELLIN,8,N/A
MEDELLIN,3,N/A
MEDELLIN,1,N/A
MEDELLIN,9,N/A
MEDELLIN,10,Prado
MEDELLIN,1,N/A
MEDELLIN,3,N/A
MEDELLIN,Santa Elena,SANTA ELENA 
MEDELLIN,13,N/A
MEDELLIN,11,N/A
MEDELLIN,5,N/A
MEDELLIN,N/A,N/A
MEDELLIN,7,N/A
MEDELLIN,5,N/A
MEDELLIN,13,N/A
MEDELLIN,6,N/A
MEDELLIN,1,N/A
MEDELLIN,15,ANTIOQUIA  
MEDELLIN,13,N/A
MEDELLIN,4,N/A
MEDELLIN,7,N/A
MEDELLIN,7,N/A
MEDELLIN,5,N/A
MEDELLIN ,12,Santa Monica
MEDELLIN,7,N/A
MEDELLIN,4,N/A
MEDELLIN,2,EL PLAYÓN DE LOS COMUNEROS
MEDELLIN,7,N/A
MEDELLIN,3,MANRIQUE ORIENTAL
MEDELLIN,11,N/A
MEDELLIN,3,N/A
MEDELLIN,6,N/A
MEDELLIN,8,N/A
MEDELLIN,2,Andalucia 
MEDELLIN,8,N/A
MEDELLIN,3, MANRIQUE SAMBLAS
MEDELLIN,9,N/A
MEDELLIN,4,Aranjuez 
MEDELLIN,13,N/A
MEDELLIN,1,N/A
MEDELLIN,6,N/A
MEDELLIN,10,N/A
MEDELLIN,13,N/A
MEDELLIN,1,N/A
MEDELLIN,San Antonio de Prado,SAN ANTONIO DE PRADO LIMONAR 
MEDELLIN,13,N/A
MEDELLIN,2,N/A
MEDELLIN,2,N/A
MEDELLIN,N/A,
MEDELLIN,6,N/A
MEDELLIN,N/A,N/A
MEDELLIN,9, BUENOS AIRES COMUNA 9
MEDELLIN,1, LA AVANZADA
MEDELLIN,7,Robledo
MEDELLIN,7,Robledo
MEDELLIN,1,N/A
MEDELLIN,7,N/A
MEDELLIN,1,N/A
MEDELLIN,3,N/A
MEDELLIN,12,N/A
MEDELLIN,1,POPULAR 1
MEDELLIN,1,N/A
MEDELLIN,6,N/A
MEDELLIN,1,N/A
MEDELLIN,3,MANRIQUE 
MEDELLIN,3,N/A
MEDELLIN,2,SANTA CRUZ 
MEDELLIN,2,N/A
MEDELLIN,1,N/A
MEDELLIN,8,N/A
MEDELLIN,1,N/A
MEDELLIN,1,N/A
MEDELLIN,9,BARRIO SALVADOR
MEDELLIN,N/A,N/A
MEDELLIN,13,N/A
MEDELLIN,10,N/A
MEDELLIN,10,N/A
MEDELLIN,6,N/A
MEDELLIN,6,N/A
MEDELLIN,6,N/A
MEDELLIN,9,BUENOS AIRES
MEDELLIN,7,AURES
MEDELLIN,7,N/A
MEDELLIN,6,N/A
MEDELLIN,6,N/A
MEDELLIN,2,N/A
MEDELLIN,12,N/A
MEDELLIN,12,N/A
MEDELLIN,5,N/A
MEDELLIN,16,N/A
MEDELLIN,6,BARRIO LA ESPERANZA 
MEDELLIN,15,N/A
MEDELLIN,9,N/A
MEDELLIN,3,N/A
MEDELLIN,1,N/A
MEDELLIN,9,BUENOS AIRES
MEDELLIN,13,N/A
MEDELLIN,7,N/A
MEDELLIN,8,N/A
MEDELLIN,13,N/A
MEDELLIN,13,N/A
MEDELLIN,3,N/A
MEDELLIN,3,N/A
MEDELLIN,4,N/A
MEDELLIN,16,BELEN LA PRADERA 
MEDELLIN,16,N/A
MEDELLIN,1,N/A
MEDELLIN,4,N/A
MEDELLIN,3,N/A
MEDELLIN,7,N/A
MEDELLIN,6,N/A
MEDELLIN,5,ALFONSO LOPEZ
MEDELLIN,1,POPULAR 1
MEDELLIN,6,N/A
MEDELLIN,3,N/A
MEDELLIN,6,N/A
MEDELLIN,13,N/A
MEDELLIN,1,N/A
MEDELLIN,1,N/A
MEDELLIN,9,Milagrosa
MEDELLIN,7,N/A
MEDELLIN,1,N/A
MEDELLIN,4,N/A
MEDELLIN,4,N/A
MEDELLIN,Santa Elena,CORREGIMIENTO DE SANTA ELENA 
MEDELLIN,3,Prado
MEDELLIN,10,N/A
MEDELLIN,N/A,
MEDELLIN,5,N/A
MEDELLIN,6,N/A
MEDELLIN,3,MANRIQUE SAM BLAS 
MEDELLIN,4,N/A
MEDELLIN,13,SAN JAVIER
MEDELLIN,9,N/A
MEDELLIN,13,N/A
MEDELLIN,13,N/A
MEDELLIN,5,N/A
MEDELLIN,3,N/A
MEDELLIN,15,N/A
MEDELLIN,3,Manrique oriental
MEDELLIN,7,ROBLEDO
MEDELLIN,7,AURES
MEDELLIN,12,N/A
MEDELLIN,13,Juan XXIII la quiebra
MEDELLIN,13,N/A
MEDELLIN,13,PRADERA
MEDELLIN,13,N/A
MEDELLIN,13,N/A
MEDELLIN,13,N/A
MEDELLIN,11,N/A
MEDELLIN,7,N/A
MEDELLIN,6,N/A
MEDELLIN,6,Alfonso López 
MEDELLIN ,8,Villa Hermosa 
MEDELLIN,8,Villa Hermosa 
MEDELLIN,1,N/A
MEDELLIN,15,N/A
MEDELLIN,9,N/A
MEDELLIN,13,N/A
MEDELLIN,12,BARRIO CALASANZ 
MEDELLIN ,9,Casa linda 
MEDELLIN,14,N/A
MEDELLIN,12,N/A
MEDELLIN,1,N/A
MEDELLIN,2,Andalucía 
MEDELLIN,5,N/A
MEDELLIN,10,N/A
MEDELLIN,2,N/A
MEDELLIN,2, LA FRANCIA
MEDELLIN,10,N/A
MEDELLIN,7,Bello Horizonte
MEDELLIN,10,N/A
MEDELLIN,4,N/A
MEDELLIN,1,N/A
MEDELLIN,9,Barrios de Jesús 
MEDELLIN,2,N/A
MEDELLIN,11,N/A
MEDELLIN,1,N/A
MEDELLIN,3,N/A
MEDELLIN,6,N/A
MEDELLIN,2,Barrio nuevo
MEDELLIN,3,Manrique Central 
MEDELLIN,7,Bello horizonte 
MEDELLIN,7,N/A
MEDELLIN,16,Belen 
MEDELLIN,3,Manrique
MEDELLIN,1,SANTO DOMINGO
MEDELLIN,1,SANTO DOMINGO
MEDELLIN,4,Manrique
MEDELLIN,13,N/A
MEDELLIN,13,N/A
MEDELLIN,4,N/A
MEDELLIN,6,N/A
MEDELLIN,2,Popular
MEDELLIN,1,Popular 1
MEDELLIN,7,AURES
MEDELLIN,N/A,
MEDELLIN,9,N/A
MEDELLIN,11,N/A
MEDELLIN,9,ENCISO
MEDELLIN,1,N/A
MEDELLIN,3,Manrique 
MEDELLIN ,5,Castilla 
MEDELLIN,5,Castilla 
MEDELLIN,1,N/A
MEDELLIN,10,N/A
MEDELLIN,12,N/A
MEDELLIN,N/A,
MEDELLIN,N/A,N/A
MEDELLIN,5,N/A
MEDELLIN,2,N/A
MEDELLIN,13,N/A
MEDELLIN,8,Caicedo 
MEDELLIN,N/A,N/A
MEDELLIN,8,N/A
MEDELLIN,4,CAMPO VALDES
MEDELLIN,7,N/A
MEDELLIN,8,N/A
MEDELLIN,10,N/A
MEDELLIN,9,el salvador 
MEDELLIN,3,N/A
MEDELLIN,6,N/A
MEDELLIN,9,N/A
MEDELLIN,3,N/A
MEDELLIN,10, BOSTON
MEDELLIN,9,BUENOS  AIRES 
MEDELLIN,9,COLINAS DE ENCISO
MEDELLIN,6,N/A
MEDELLIN,10,Boston 
MEDELLIN,1,SANTO DOMINGO
MEDELLIN,N/A,N/A
MEDELLIN,10,N/A
MEDELLIN,1,SANTO DOMINGO
MEDELLIN,12,N/A
MEDELLIN,10,N/A
MEDELLIN,9,N/A
MEDELLIN,7,N/A
MEDELLIN,16,N/A
MEDELLIN,9,N/A
MEDELLIN,9,N/A
MEDELLIN,4, ARANJUEZ 
MEDELLIN,8,N/A
MEDELLIN,16,N/A
MEDELLIN,N/A,
MEDELLIN,4, ARANJUEZ 
MEDELLIN,N/A,
MEDELLIN,6, PEDREGAL
MEDELLIN,6,N/A
MEDELLIN,9,N/A
MEDELLIN,N/A,
MEDELLIN,5,N/A
MEDELLIN,3,MANRIQUE CENTRAL 
MEDELLIN,N/A,N/A
MEDELLIN,3,N/A
MEDELLIN,7,Robledo
MEDELLIN,1,LA AVANZADA
MEDELLIN,2,N/A
MEDELLIN,N/A,
MEDELLIN,2,Popular 2
MEDELLIN,9,N/A
MEDELLIN,11,San Joaquín 
MEDELLIN,2,N/A
MEDELLIN,2,N/A
MEDELLIN,9,Buenos aires
MEDELLIN,3,N/A
MEDELLIN,3,N/A
MEDELLIN,3,SAN BLAS 
MEDELLIN,6,N/A
MEDELLIN,4,N/A
MEDELLIN,10,N/A
MEDELLIN,1,N/A
MEDELLIN,9,N/A
MEDELLIN,7,N/A
MEDELLIN,10,N/A
MEDELLIN,10,N/A
MEDELLIN,16,N/A
MEDELLIN,10,N/A
MEDELLIN,12,N/A
MEDELLIN,8,N/A
MEDELLIN,2,N/A
MEDELLIN,4,CAMPO VALDES 
MEDELLIN,5,N/A
MEDELLIN,16,N/A
MEDELLIN,7,N/A
MEDELLIN,1,N/A
MEDELLIN ,9,Buenos aires 
MEDELLIN,9, CAICEDO VILLA LILIAM 
MEDELLIN,10,N/A
MEDELLIN,2,La francia
MEDELLIN,7,N/A
MEDELLIN,13,N/A
MEDELLIN,10,N/A
MEDELLIN,6,N/A
MEDELLIN,6,N/A
MEDELLIN,3, MANRRIQUE LA SALLE 
MEDELLIN,13,N/A
MEDELLIN,3,N/A
MEDELLIN,16,-BELEN
MEDELLIN,9,La milagrosa 
MEDELLIN,3,Manrique o
MEDELLIN,7,N/A
MEDELLIN,12,N/A
MEDELLIN,7,Robledo 
MEDELLIN,1,N/A
MEDELLIN,4,N/A
MEDELLIN,4,N/A
MEDELLIN,6,N/A
MEDELLIN,9,N/A
MEDELLIN,13,N/A
MEDELLIN,7,N/A
MEDELLIN,5,N/A
MEDELLIN,9,N/A
MEDELLIN,1,N/A
MEDELLIN,1,N/A
MEDELLIN,7,N/A
MEDELLIN,8,LA SIERRA
MEDELLIN,7,N/A
MEDELLIN,1,N/A
MEDELLIN,1,N/A
MEDELLIN,6,N/A
MEDELLIN,7,N/A
MEDELLIN,6, EL PROGRESO
MEDELLIN,2,N/A
MEDELLIN,9,N/A
MEDELLIN,9, BUENOS AIRES QUINTALINDA 
MEDELLIN,8, VILLA HERMOSA
MEDELLIN,4,N/A
Medellin,4,Aranjuez 
MEDELLIN,8,La libertad
MEDELLIN,N/A,
MEDELLIN,16,N/A
MEDELLIN,2,N/A
MEDELLIN,10,Enciso 
MEDELLIN,1,N/A
MEDELLIN,10,La camila
MEDELLIN,1,SANTO DOMINGO
MEDELLIN,N/A,N/A
MEDELLIN,7,Robledo 
MEDELLIN,San Antonio de prado ,Prado
MEDELLIN,9,N/A
MEDELLIN,2,Villa del socorro 
MEDELLIN,N/A,N/A
MEDELLIN,3,Manrique 
MEDELLIN,6,N/A
MEDELLIN,N/A,
MEDELLIN,9,Loreto 
MEDELLIN,10,La mina 
MEDELLIN,6,N/A
MEDELLIN,16,N/A
MEDELLIN,9, BUENOS AIRES LOS CERROS
MEDELLIN,San Cristobal, CORREGIMIENTO DE SAN CRISTÓBAL 
MEDELLIN,9,N/A
MEDELLIN,1,N/A
MEDELLIN,5,N/A
MEDELLIN,16,N/A
MEDELLIN,N/A,
MEDELLIN,10,Alcalá
MEDELLIN,4,Central
MEDELLIN,1,Popular
MEDELLIN,1,Popular 2 
MEDELLIN,14,N/A
MEDELLIN,N/A,N/A
MEDELLIN,3,N/A
MEDELLIN,1,N/A
MEDELLIN,3,N/A
MEDELLIN,10,Boston
MEDELLIN,2,N/A
MEDELLIN,2,N/A
MEDELLIN,2,Playón 
MEDELLIN,12,N/A
MEDELLIN,2,SANTA CRUZ
MEDELLIN,6,N/A
MEDELLIN,11,N/A
MEDELLIN,N/A,
MEDELLIN,2,Villa del socorro 
MEDELLIN,N/A,
MEDELLIN ,6,Mirador del Doce 
MEDELLIN,6,N/A
MEDELLIN,3," 
CUMBRE-PARAISO"
MEDELLIN,5,N/A
MEDELLIN,N/A,
MEDELLIN,2,N/A
MEDELLIN,5,N/A
MEDELLIN,7,N/A
MEDELLIN,6,N/A
MEDELLIN,2,N/A
MEDELLIN,2,N/A
MEDELLIN,N/A,
MEDELLIN,6,N/A
MEDELLIN,7,N/A
MEDELLIN,12,Floresta
MEDELLIN,4,N/A
MEDELLIN,60,Aurora
MEDELLIN,11,Laureles 
MEDELLIN,5,Castilla 
MEDELLIN,1,SANTO DOMINGO
MEDELLIN,N/A,N/A
MEDELLIN,6,N/A
MEDELLIN,7,ROBLEDO VILLA FLORA 
MEDELLIN,6,El Pedregal
MEDELLIN,3,Manrique 
MEDELLIN,1,SANTO DOMINGO
MEDELLIN,N/A,N/A
MEDELLIN,9,N/A
MEDELLIN,2,Villa del socorro 
MEDELLIN,3,La honda 
MEDELLIN,13, JUAN XXIII
MEDELLIN,N/A,N/A
MEDELLIN,8,Enciso 
MEDELLIN,9,Uribe Angel 
MEDELLIN,3,N/A
MEDELLIN,3,Manrique la salle
MEDELLIN,12,N/A
MEDELLIN,6,N/A
MEDELLIN,1,N/A
MEDELLIN,3,Manrrique
MEDELLIN,5,N/A
MEDELLIN,N/A,N/A
MEDELLIN,N/A,N/A
MEDELLIN,16,N/A
MEDELLIN,4,N/A
MEDELLIN,1,Alboreda 
MEDELLIN,1,Policarpa 
MEDELLIN,1,N/A
MEDELLIN,10,La camila 
MEDELLIN,N/A,
MEDELLIN,N/A,
MEDELLIN,1,Popular 2 
MEDELLIN,N/A,N/A
MEDELLIN,12,Calazans
MEDELLIN,7,Juana 
MEDELLIN,5,ALFONSO LÓPEZ 
MEDELLIN,2,Popular 2
MEDELLIN,4,Aranjuez
MEDELLIN,12,N/A
MEDELLIN,1,N/A
MEDELLIN,7,Robledo
MEDELLIN,N/A,
MEDELLIN,12,Santa monica
MEDELLIN,8,N/A
MEDELLIN,1,N/A
MEDELLIN,1,N/A
MEDELLIN,11,Estadio 
MEDELLIN,5,N/A
MEDELLIN,4,Moravia 
MEDELLIN,16,N/A
MEDELLIN,10,Prado 
MEDELLIN,1,N/A
MEDELLIN,3, MANRIQUE CENTRAL 
MEDELLIN,6,N/A
MEDELLIN,4,N/A
MEDELLIN,2,Gran avenida 
MEDELLIN,9,-ENCISO
MEDELLIN,7,N/A
MEDELLIN,7,N/A
MEDELLIN,6,N/A
MEDELLIN,10,N/A
MEDELLIN,10,N/A
MEDELLIN,1,N/A
MEDELLIN,10,N/A
MEDELLIN,2,N/A
MEDELLIN,5,N/A
MEDELLIN,7,N/A
MEDELLIN,6,N/A
MEDELLIN,11,COLORES 
MEDELLIN,8,La sierra
MEDELLIN,50,N/A
MEDELLIN,50,N/A
MEDELLIN,11,COLORES 
MEDELLIN,5,Castilla
MEDELLIN,11,Carlos e Restrepo 
MEDELLIN,13,El llano 
MEDELLIN,80,San Antonio de prado 
MEDELLIN,15,N/A
MEDELLIN,4,Campo Valdés 
MEDELLIN,1,ROBLEDO
MEDELLIN,11,N/A
MEDELLIN,4, ARANJUEZ
Medellin,7,Robledo
MEDELLIN,16,N/A
MEDELLIN,2, SANTA CRUZ
MEDELLIN,2,N/A
MEDELLIN,1, SANTO DOMINGO SAVIO
MEDELLIN,10,N/A
MEDELLIN,4,Aranjuez 
MEDELLIN,1,N/A
MEDELLIN,N/A,
MEDELLIN,N/A,
MEDELLIN,16,Belen san bernardo 
MEDELLIN,3,N/A
MEDELLIN,10, BOSTON
MEDELLIN,1,N/A
MEDELLIN,1,San Pablo 
MEDELLIN,7, ROBLEDO
MEDELLIN,2,N/A
MEDELLIN,15,N/A
MEDELLIN,2,N/A
MEDELLIN,16,N/A
MEDELLIN,10,N/A
MEDELLIN,15,N/A
MEDELLIN,San Antonio de Prado,Limonar 2
MEDELLIN,16,  BELÉN 
MEDELLIN,3,N/A
MEDELLIN,4,N/A
MEDELLIN,4,N/A
MEDELLIN,1,BARRIO GRANIZAL MUNICIPIO DE 
MEDELLIN,6,N/A
MEDELLIN,2,N/A
MEDELLIN,3,Barrio San José 
MEDELLIN,1,N/A
MEDELLIN,4,N/A
MEDELLIN,16,La palma
MEDELLIN,4,CAMPO VALDES 
MEDELLIN,3, SANTACRUZ
MEDELLIN,5,N/A
MEDELLIN,3,N/A
MEDELLIN,1,N/A
MEDELLIN,1,N/A
MEDELLIN,3,N/A
MEDELLIN,9,LA MILAGROSA 
MEDELLIN,9,N/A
MEDELLIN,16,BELÉN ALTAVISTA COMUNA 70
MEDELLIN,10,BARRIO ESTACIÓN VILLA 
MEDELLIN,3,N/A
MEDELLIN,10,N/A
MEDELLIN,14,N/A
MEDELLIN,2,N/A
MEDELLIN,11,COLORES 
MEDELLIN,5,Pedregal
MEDELLIN,7,ROBLEDO
MEDELLIN,13,N/A
MEDELLIN,N/A,
MEDELLIN,9,La pastora 
MEDELLIN,1,N/A
MEDELLIN,N/A,El Dorado 
MEDELLIN,16,N/A
MEDELLIN,2, VILLA NIZA
MEDELLIN,1,SANTO DOMINGO
MEDELLIN,5,N/A
MEDELLIN,3,N/A
MEDELLIN,N/A,MEDELLIN
MEDELLIN,10,N/A
MEDELLIN,13,N/A
MEDELLIN,2,Santa cruz
MEDELLIN,2, VILLA DEL SOCORRO 
MEDELLIN,8,N/A
MEDELLIN,7,N/A
MEDELLIN,3, Y MANRIQUE
MEDELLIN,2,VILLA NIZA
MEDELLIN,8,N/A
MEDELLIN,N/A,N/A
MEDELLIN,14,N/A
MEDELLIN,2,N/A
MEDELLIN,2,Villa del socorro 
MEDELLIN,14,N/A
MEDELLIN,3,N/A
MEDELLIN,15,N/A
MEDELLIN,13,N/A
MEDELLIN,6,Girasoles 
MEDELLIN,6,N/A
MEDELLIN,2,SANTA CRUZ
MEDELLIN,6,N/A
MEDELLIN,N/A,N/A
MEDELLIN,3,Las granjas
MEDELLIN,4,CAMPO VALDES 
MEDELLIN,10,N/A
MEDELLIN,1,N/A
MEDELLIN,3,N/A
MEDELLIN,13,N/A
MEDELLIN,7,ROBLEDO
MEDELLIN ,7,Robledo 
MEDELLIN,11,N/A
MEDELLIN,4,CAMPO VALDES
MEDELLIN,14,N/A
MEDELLIN,16,N/A
MEDELLIN,N/A,
MEDELLIN,N/A,
MEDELLIN,13,N/A
MEDELLIN,6,N/A
MEDELLIN,N/A,
MEDELLIN,15,N/A
MEDELLIN,8,N/A
MEDELLIN,Santa Elena,Vereda Mazo
MEDELLIN,2,N/A
MEDELLIN,1,N/A
MEDELLIN,1,N/A
MEDELLIN,7,N/A
MEDELLIN,10,-BOSTON
MEDELLIN,10,La camila
MEDELLIN,1,SANTO DOMINGO
MEDELLIN,5,Castilla 
MEDELLIN,N/A,
MEDELLIN,10,N/A
MEDELLIN,5,N/A
MEDELLIN,13,Santa Lucia
MEDELLIN,10,Sector hospital 
MEDELLIN,13,Arco Iris
MEDELLIN,N/A,N/A
Medellin ,9,Buenos Aires
MEDELLIN,11,COLORES 
MEDELLIN,11,COLORES 
MEDELLIN,15,Barrio Asturias 
MEDELLIN,7,N/A
MEDELLIN,9,N/A
MEDELLIN,11,N/A
MEDELLIN,14,Alcazar de la Sabana
MEDELLIN,N/A,
MEDELLIN,9,La y 
MEDELLIN,10,CHAGUALO
MEDELLIN,7,Las margarita
MEDELLIN,7,Las margaritas
MEDELLIN,7,ROBLEDO 
MEDELLIN,7,ROBLEDO
MEDELLIN,10,N/A
MEDELLIN,14,N/A
MEDELLIN,13,N/A
MEDELLIN,10,N/A
MEDELLIN,4,moravia 
MEDELLIN,3,N/A
MEDELLIN,5,Aralias trapiche 
MEDELLIN,16,N/A
MEDELLIN,9,Palmas de Cataluña 
MEDELLIN,13,N/A
MEDELLIN,9,N/A
MEDELLIN,N/A,N/A
MEDELLIN,1,Santo Domingo 
MEDELLIN,1,N/A
MEDELLIN,N/A,Villa Paula 
MEDELLIN,7,Robledo Aures
MEDELLIN,6, SANTANDER 
MEDELLIN,6,N/A
MEDELLIN,8,Juan Pablo segundo 
MEDELLIN,11,N/A
MEDELLIN,N/A,
MEDELLIN,15,N/A
MEDELLIN,6,N/A
MEDELLIN,13,La Joya
MEDELLIN,N/A,
MEDELLIN,6,N/A
MEDELLIN,10,N/A
MEDELLIN,9,Alejandro Echavarría
MEDELLIN ,7,Robledo 
MEDELLIN,2,N/A
MEDELLIN,4,Moravia
MEDELLIN,13,N/A
MEDELLIN,16,N/A
MEDELLIN,9,N/A
MEDELLIN,16,N/A
MEDELLIN,6,N/A
MEDELLIN,16,N/A
MEDELLIN,N/A, 
MEDELLIN,16,N/A
MEDELLIN,4,CAMPO VALDES 
MEDELLIN,4,Campo valdes 
MEDELLIN,16,N/A
MEDELLIN,16,Belén rincón 
MEDELLIN,16,N/A
MEDELLIN,4, CAMPO VALDÉS
MEDELLIN,6,12 de octubre 
MEDELLIN,6,N/A
MEDELLIN,6,N/A
MEDELLIN,1, BARRIO CARAMBOLAS 
MEDELLIN,1,N/A
MEDELLIN,2,N/A
MEDELLIN,6,N/A
MEDELLIN,1,N/A
MEDELLIN,4,N/A
MEDELLIN,9,N/A
MEDELLIN,4,ARANJUEZ
MEDELLIN,7,Robledo Aures 
MEDELLIN,16,N/A
MEDELLIN,13,N/A
MEDELLIN,9,N/A
MEDELLIN,14,N/A
MEDELLIN,13,N/A
MEDELLIN,12,N/A
MEDELLIN,6,Rosario
MEDELLIN,13,N/A
MEDELLIN,7,Robledo Aures 
MEDELLIN,4, CAMPO VALDES 
MEDELLIN,2,Villa Niza 
MEDELLIN,10,N/A
MEDELLIN,3,Manrique 
MEDELLIN,1,N/A
MEDELLIN,4,N/A
MEDELLIN,9,N/A
MEDELLIN,1,N/A
MEDELLIN,2,N/A
MEDELLIN,2,Villa del socorro 
MEDELLIN,3,N/A
MEDELLIN,1,N/A
MEDELLIN,1,POPULAR 1
MEDELLIN,Altavista,COMUNA 70 ALTAVISTA 
MEDELLIN,11,N/A
MEDELLIN,8,N/A
MEDELLIN,3,N/A
MEDELLIN,9,N/A
MEDELLIN,1,N/A
MEDELLIN,14,N/A
MEDELLIN,2,N/A
MEDELLIN,13,N/A
MEDELLIN,9,Las flores
MEDELLIN,1,N/A
MEDELLIN,5,Pedregal
MEDELLIN,4,N/A
MEDELLIN,1,N/A
MEDELLIN,13,N/A
MEDELLIN,13,N/A
MEDELLIN,8,Villatina 
MEDELLIN,7,N/A
MEDELLIN,7,N/A
MEDELLIN,7, ROBLEDO AURES
MEDELLIN,16,N/A
MEDELLIN,9,N/A
MEDELLIN,7,N/A
MEDELLIN,N/A,N/A
MEDELLIN,16,N/A
MEDELLIN,5,N/A
MEDELLIN,10,La gabriela
MEDELLIN,10,N/A
MEDELLIN,9,Buenos aires
MEDELLIN,1,N/A
MEDELLIN,10,N/A
MEDELLIN,N/A,
MEDELLIN,3,N/A
MEDELLIN,3,Manrique central
MEDELLIN,16,N/A
MEDELLIN,13,N/A
MEDELLIN,1,N/A
MEDELLIN,1,Santo Domingo 
MEDELLIN,16,Villa cafe
MEDELLIN,16,Belén 
MEDELLIN,2,N/A
MEDELLIN,13,N/A
MEDELLIN,N/A,
MEDELLIN ,12,Calasanz 
MEDELLIN,12,Calasanz 
MEDELLIN,9,N/A
MEDELLIN,13,PRADERA
MEDELLIN,7,Robledo 
MEDELLIN,7,López de mesa
MEDELLIN,12,Calasanz
MEDELLIN,1,N/A
MEDELLIN,1,N/A
MEDELLIN,7,ROBLEDO
MEDELLIN,7,Robledo diamante 
MEDELLIN,13,N/A
MEDELLIN,12,N/A
MEDELLIN,7,N/A
MEDELLIN,13,N/A
MEDELLIN,N/A,
MEDELLIN,11,Estadio 
MEDELLIN,12,N/A
MEDELLIN,5,N/A
MEDELLIN,9,N/A
MEDELLIN,8,N/A
MEDELLIN,13,N/A
MEDELLIN,13,N/A
MEDELLIN,13,N/A
MEDELLIN,1,LA AVANZADA
MEDELLIN,15,N/A
MEDELLIN,7,N/A
MEDELLIN,6,Doce de octubre etapa dos 
MEDELLIN,7,ROBLEDO 
MEDELLIN,13,N/A
MEDELLIN,6,N/A
MEDELLIN,6,N/A
MEDELLIN,6,N/A
MEDELLIN,11,N/A
MEDELLIN,13,N/A
MEDELLIN,13,N/A
MEDELLIN,13,N/A
MEDELLIN,12,N/A
MEDELLIN,16,N/A
MEDELLIN,11,COLORES 
MEDELLIN,16,N/A
MEDELLIN,14,N/A
MEDELLIN,5,N/A
MEDELLIN,1,N/A
MEDELLIN,12,Calasanz 
MEDELLIN,1,N/A
MEDELLIN,3,N/A
MEDELLIN,11,Laureles 
MEDELLIN,16,N/A
MEDELLIN,9,N/A
MEDELLIN,2,N/A
MEDELLIN,3,N/A
MEDELLIN,13,N/A
MEDELLIN,12,N/A
MEDELLIN,3,Manrique Central 
MEDELLIN,5,Castilla
MEDELLIN,16,Las playas
MEDELLIN,16,N/A
MEDELLIN,12,N/A
MEDELLIN,16,BELÉN 
MEDELLIN,2,Bello horizonte 
MEDELLIN,13,N/A
MEDELLIN,16,N/A
MEDELLIN,6,N/A
MEDELLIN,16,N/A
MEDELLIN,7,Robledo 
MEDELLIN,10,N/A
MEDELLIN,14,N/A
MEDELLIN,13,N/A
MEDELLIN,10,N/A
MEDELLIN,Altavista,CORREGIMIENTO DE ALTAVISTA
MEDELLIN,6,N/A
MEDELLIN,16,N/A
MEDELLIN,16,N/A
MEDELLIN,10,N/A
MEDELLIN,6,N/A
MEDELLIN,6,N/A
MEDELLIN,6,N/A
MEDELLIN,10,N/A
MEDELLIN,6,N/A
MEDELLIN,1,SANTO DOMINGO
MEDELLIN ,3,Manrique Oriental 
MEDELLIN,5,N/A
MEDELLIN,10,N/A
MEDELLIN,10,N/A
MEDELLIN,2,N/A
MEDELLIN,7,N/A
MEDELLIN,6,N/A
MEDELLIN,4,N/A
MEDELLIN,10,N/A
MEDELLIN,1,N/A
MEDELLIN,5,N/A
MEDELLIN,6,12-oct
MEDELLIN,6,N/A
MEDELLIN,N/A,
MEDELLIN,Altavista, CORREGIMIENTO ALTAVISTA
MEDELLIN,6,N/A
MEDELLIN,7,N/A
MEDELLIN,10,N/A
MEDELLIN,6,N/A
MEDELLIN,1,N/A
MEDELLIN,5,N/A
MEDELLIN,6,N/A
MEDELLIN,7,N/A
MEDELLIN,7,N/A
MEDELLIN,5,N/A
MEDELLIN,5,N/A
MEDELLIN,5,N/A
MEDELLIN,1,N/A
MEDELLIN,1,Santo domingo Savio
MEDELLIN,6,N/A
MEDELLIN,5,Tricentenario
MEDELLIN,6,N/A
MEDELLIN,5,N/A
MEDELLIN,3,N/A
Medellin,4,Aranjuez 
MEDELLIN,6,N/A
MEDELLIN,10,N/A
MEDELLIN,13,N/A
MEDELLIN,7,N/A
MEDELLIN,12,COLINAS DE CALASANZ 
MEDELLIN,5,N/A
MEDELLIN,9, LORETO
MEDELLIN,16,N/A
MEDELLIN,13,Clasan
MEDELLIN,1,N/A
MEDELLIN,2, SANTACRUZ
Medellin,12,Santa monica
MEDELLIN,3,N/A
MEDELLIN,2,N/A
MEDELLIN,N/A,
MEDELLIN,50,N/A
MEDELLIN,9,N/A
MEDELLIN,13,N/A
MEDELLIN,10,N/A
MEDELLIN,2,N/A
MEDELLIN,6,Pedregal
MEDELLIN,9,BRISAS DEL RIO 
MEDELLIN,2,Moscú 1
MEDELLIN,3,N/A
MEDELLIN,N/A,N/A
MEDELLIN,N/A,
MEDELLIN,5,N/A
MEDELLIN,3, MANRIQUE ORIENTAL 
MEDELLIN,2,N/A
MEDELLIN,16,N/A
MEDELLIN,2,N/A
MEDELLIN,1,N/A
MEDELLIN,2,N/A
MEDELLIN,3,N/A
MEDELLIN,N/A,
Medellin ,7,Robledo 
MEDELLIN,7,Robledo
MEDELLIN,7,N/A
MEDELLIN,14,N/A
MEDELLIN,6,N/A
MEDELLIN,2,Santa cruz
MEDELLIN,10,N/A
MEDELLIN,3,N/A
MEDELLIN,1,N/A
MEDELLIN,2,N/A
MEDELLIN,4,N/A
MEDELLIN,1,N/A
MEDELLIN,2,SANTA CRUZ 
MEDELLIN,8,-ENCISO
MEDELLIN,N/A,
MEDELLIN,7,N/A
MEDELLIN,4,N/A
MEDELLIN,2,N/A
MEDELLIN,1,Popular 1
MEDELLIN,4, ARANJUEZ 
MEDELLIN,9,N/A
MEDELLIN,1,N/A
MEDELLIN,6,N/A
MEDELLIN,2,N/A
MEDELLIN,3,N/A
MEDELLIN,4,N/A
MEDELLIN,2,N/A
MEDELLIN,13,N/A
MEDELLIN,3,N/A
MEDELLIN,3,N/A
MEDELLIN,12,N/A
MEDELLIN,7, LA AURORA
MEDELLIN,50,N/A
MEDELLIN,7,N/A
MEDELLIN,6,N/A
MEDELLIN,50,N/A
MEDELLIN,60,San Cristóbal
MEDELLIN,1,N/A
MEDELLIN,7,N/A
MEDELLIN,1,N/A
MEDELLIN,7,AURORA 
MEDELLIN,3,N/A
MEDELLIN,9,N/A
MEDELLIN,N/A,
MEDELLIN,1, GRANIZAL
MEDELLIN,9,La milagrosa 
MEDELLIN,6,N/A
MEDELLIN,3,N/A
MEDELLIN,6,N/A
MEDELLIN,4,N/A
MEDELLIN,N/A,N/A
MEDELLIN,7,Robledo
MEDELLIN,4,MORAVIA
MEDELLIN,9,Buenos aires
MEDELLIN,5,Castilla 
MEDELLIN,5,Altavista
Medellin,10,Medellin 
MEDELLIN,1,Popular 2 
MEDELLIN,N/A,
MEDELLIN,9,N/A
MEDELLIN,1,N/A
MEDELLIN,6,N/A
MEDELLIN,4,N/A
MEDELLIN,10,N/A
MEDELLIN,3,Popular
MEDELLIN,N/A,MEDELLIN
MEDELLIN,N/A,MEDELLIN
MEDELLIN,N/A,MEDELLIN
MEDELLIN,N/A,MEDELLIN
MEDELLIN,N/A,MEDELLIN
MEDELLIN,N/A,MEDELLIN
MEDELLIN,N/A,MEDELLIN
MEDELLIN,N/A,MEDELLIN
MEDELLIN,N/A,MEDELLIN
MEDELLIN,N/A,MEDELLIN
MEDELLIN,N/A,MEDELLIN
MEDELLIN,N/A,MEDELLIN
MEDELLIN,N/A,MEDELLIN
MEDELLIN,N/A,MEDELLIN
MEDELLIN,N/A,MEDELLIN
MEDELLIN,N/A,MEDELLIN
MEDELLIN,N/A,MEDELLIN
MEDELLIN,N/A,MEDELLIN
MEDELLIN,N/A,MEDELLIN
MEDELLIN,N/A,MEDELLIN
MEDELLIN,N/A,MEDELLIN
MEDELLIN,N/A,MEDELLIN
MEDELLIN,N/A,MEDELLIN
MEDELLIN,N/A,MEDELLIN
MEDELLIN,N/A,MEDELLIN
MEDELLIN,N/A,MEDELLIN
MEDELLIN,N/A,MEDELLIN
MEDELLIN,N/A,MEDELLIN
MEDELLIN,N/A,MEDELLIN
MEDELLIN,N/A,MEDELLIN
MEDELLIN,N/A,MEDELLIN
MEDELLIN,N/A,MEDELLIN
MEDELLIN,N/A,MEDELLIN
MEDELLIN,N/A,MEDELLIN
MEDELLIN,N/A,MEDELLIN
MEDELLIN,N/A,MEDELLIN
MEDELLIN,N/A,MEDELLIN
MEDELLIN,N/A,MEDELLIN
MEDELLIN,N/A,MEDELLIN
MEDELLIN,N/A,MEDELLIN
MEDELLIN,N/A,MEDELLIN
MEDELLIN,N/A,MEDELLIN
MEDELLIN,N/A,MEDELLIN
MEDELLIN,N/A,MEDELLIN
MEDELLIN,N/A,MEDELLIN
MEDELLIN,N/A,MEDELLIN
MEDELLIN,N/A,MEDELLIN
MEDELLIN,N/A,MEDELLIN
MEDELLIN,N/A,MEDELLIN
MEDELLIN,N/A,MEDELLIN
MEDELLIN,N/A,MEDELLIN
MEDELLIN,N/A,MEDELLIN
MEDELLIN,N/A,MEDELLIN
MEDELLIN,N/A,MEDELLIN
MEDELLIN,N/A,MEDELLIN
MEDELLIN,N/A,MEDELLIN
MEDELLIN,N/A,MEDELLIN
MEDELLIN,N/A,MEDELLIN
MEDELLIN,N/A,MEDELLIN
MEDELLIN,N/A,MEDELLIN
MEDELLIN,N/A,MEDELLIN
MEDELLIN,N/A,MEDELLIN
MEDELLIN,N/A,MEDELLIN
MEDELLIN,N/A,MEDELLIN
MEDELLIN,N/A,MEDELLIN
MEDELLIN,N/A,MEDELLIN
MEDELLIN,N/A,MEDELLIN
MEDELLIN,N/A,MEDELLIN
MEDELLIN,N/A,MEDELLIN
MEDELLIN,N/A,MEDELLIN
MEDELLIN,N/A,MEDELLIN
MEDELLIN,N/A,MEDELLIN
MEDELLIN,N/A,MEDELLIN
MEDELLIN,N/A,MEDELLIN
MEDELLIN,N/A,MEDELLIN
MEDELLIN,N/A,MEDELLIN
MEDELLIN,N/A,MEDELLIN
MEDELLIN,N/A,MEDELLIN
MEDELLIN,N/A,MEDELLIN
MEDELLIN,N/A,MEDELLIN
MEDELLIN,N/A,MEDELLIN
MEDELLIN,N/A,MEDELLIN
MEDELLIN,N/A,MEDELLIN
MEDELLIN,N/A,MEDELLIN
MEDELLIN,N/A,MEDELLIN
MEDELLIN,N/A,MEDELLIN
MEDELLIN,N/A,MEDELLIN
MEDELLIN,N/A,MEDELLIN
MEDELLIN,N/A,MEDELLIN
MEDELLIN,N/A,MEDELLIN
MEDELLIN,N/A,MEDELLIN
MEDELLIN,N/A,MEDELLIN
MEDELLIN,N/A,MEDELLIN
MEDELLIN,N/A,MEDELLIN
MEDELLIN,N/A,MEDELLIN
MEDELLIN,N/A,MEDELLIN
MEDELLIN,N/A,MEDELLIN
MEDELLIN,N/A,MEDELLIN
MEDELLIN,N/A,MEDELLIN
MEDELLIN,N/A,MEDELLIN
MEDELLIN,N/A,MEDELLIN
MEDELLIN,N/A,MEDELLIN
MEDELLIN,N/A,MEDELLIN
MEDELLIN,N/A,MEDELLIN
MEDELLIN,N/A,MEDELLIN
MEDELLIN,N/A,MEDELLIN
MEDELLIN,N/A,MEDELLIN
MEDELLIN,N/A,MEDELLIN
MEDELLIN,5,Toscana
MEDELLIN,4,CAMPO VALDES 
MEDELLIN,90,Santa Elena vereda paysandu. 
MEDELLIN,90,Santa Elena
MEDELLIN,5,Castilla
MEDELLIN,50,Palmitas
MEDELLIN,2,Villa Niza
MEDELLIN,2,Villa Niza
MEDELLIN,N/A,N/A
MEDELLIN,N/A,N/A
MEDELLIN,9,La Milagrosa
MEDELLIN,4,Aranjuez
MEDELLIN,11,Estadio
MEDELLIN,N/A,N/A
MEDELLIN,4,Aranjuez
MEDELLIN,9,El Salvador
MEDELLIN,N/A,N/A
MEDELLIN,1,San Pablo
MEDELLIN,N/A,N/A
MEDELLIN,N/A,N/A
MEDELLIN,11,Estadio
MEDELLIN,N/A,N/A
MEDELLIN,60,San Cristóbal
MEDELLIN,N/A,N/A
MEDELLIN,N/A,N/A
MEDELLIN,N/A,N/A
MEDELLIN,9,Loreto
MEDELLIN,N/A,N/A
MEDELLIN,N/A,N/A
MEDELLIN,9,BRISAS DEL RIO 
MEDELLIN,9,BRISAS DEL RIO 
MEDELLIN,N/A,N/A
MEDELLIN,N/A,N/A
MEDELLIN,N/A,N/A
MEDELLIN,9,BRISAS DEL RIO 
MEDELLIN,9,BRISAS DEL RIO 
MEDELLIN,9,El Salvador
MEDELLIN,N/A,N/A
MEDELLIN,5,ALFONSO LOPEZ
MEDELLIN,9,El Salvador
MEDELLIN,9,Caicedo
MEDELLIN,11,N/A
MEDELLIN,7,Robledo Santa Margarita
MEDELLIN,8,Trece de noviembre 
MEDELLIN,15,Guayabal
MEDELLIN,N/A,N/A
MEDELLIN,N/A,N/A
MEDELLIN,N/A,N/A
MEDELLIN,N/A,N/A
MEDELLIN,N/A,N/A
MEDELLIN,1,N/A
MEDELLIN,1,N/A
MEDELLIN,1,N/A
MEDELLIN,1,N/A
MEDELLIN,1,N/A
MEDELLIN,1,N/A
MEDELLIN,1,N/A
MEDELLIN,N/A,N/A
MEDELLIN,N/A,N/A
MEDELLIN,N/A,N/A
MEDELLIN,N/A,N/A
MEDELLIN,N/A,N/A
MEDELLIN,N/A,N/A
MEDELLIN,N/A,N/A
MEDELLIN,N/A,N/A
MEDELLIN,N/A,N/A
MEDELLIN,N/A,N/A
MEDELLIN,N/A,N/A
MEDELLIN,N/A,N/A
MEDELLIN,N/A,N/A
MEDELLIN,N/A,N/A
MEDELLIN,N/A,N/A
MEDELLIN,N/A,N/A
MEDELLIN,N/A,
MEDELLIN,N/A, 
MEDELLIN,N/A,
MEDELLIN,N/A,
MEDELLIN,N/A, 
MEDELLIN,N/A,
MEDELLIN,N/A,
MEDELLIN,N/A,
MEDELLIN,N/A,
MEDELLIN,N/A,
MEDELLIN,N/A,
MEDELLIN,N/A,
MEDELLIN,N/A,
MEDELLIN,N/A,
MEDELLIN,N/A,
MEDELLIN,N/A,
MEDELLIN,N/A,
MEDELLIN,N/A,
MEDELLIN,N/A,
MEDELLIN,N/A,
MEDELLIN,N/A,
MEDELLIN,N/A,
MEDELLIN,N/A,
MEDELLIN,N/A,
MEDELLIN,N/A,
MEDELLIN,N/A,
MEDELLIN,N/A,
MEDELLIN,N/A,
MEDELLIN,N/A,
MEDELLIN,N/A, 
MEDELLIN,N/A,
MEDELLIN,N/A,
MEDELLIN,N/A,
MEDELLIN,N/A,
MEDELLIN,N/A,
MEDELLIN,N/A,
MEDELLIN,N/A,
MEDELLIN,N/A, 
MEDELLIN,N/A,
MEDELLIN,N/A,
MEDELLIN,N/A,
MEDELLIN,N/A,
MEDELLIN,N/A,
MEDELLIN,N/A,
MEDELLIN,N/A,
MEDELLIN,N/A,
MEDELLIN,N/A,
MEDELLIN,N/A,
MEDELLIN,N/A,
MEDELLIN,N/A,
MEDELLIN,N/A,N/A
MEDELLIN,N/A,N/A
MEDELLIN,11,LAURELES 
MEDELLIN,10,CENTRO 
MEDELLIN,2,SANTA CRUZ 
MEDELLIN,N/A,N/A
MEDELLIN,11,COLORES 
MEDELLIN,12,CALASANZ 
MEDELLIN,10,ESTADIO 
MEDELLIN,11,CARLOS E
MEDELLIN,10,COLORES 
MEDELLIN,7,ROBLEDO 
MEDELLIN,11,ESTADIO
MEDELLIN,5,BRISAS DEL RIO 
MEDELLIN,11,COLORES 
MEDELLIN,11,CONQUISTADORES
MEDELLIN,7,ROBLEDO 
MEDELLIN,10,BOSTON
MEDELLIN,4,CAMPO VALDES 
MEDELLIN,4,CAMPO VALDES 
MEDELLIN,5,BRISAS DEL RIO 
MEDELLIN,N/A,MEDELLIN
MEDELLIN,N/A,
MEDELLIN,N/A,
MEDELLIN,N/A,MEDELLIN
MEDELLIN,N/A,MEDELLIN
MEDELLIN,N/A,
MEDELLIN,N/A,MEDELLIN
MEDELLIN,N/A,MEDELLIN
MEDELLIN,N/A,MEDELLIN
MEDELLIN,4,SEVILLA
MEDELLIN,16, BELÉN LA NUBIA
MEDELLIN,12,MIRADOR DE CALASANZ 
MEDELLIN,4,  CAMPO VALDÉZ
MEDELLIN,13,SAN JAVIER 
MEDELLIN,3,MANRIQUE SAN BLAS
MEDELLIN,1,BARRIO CARAMBOLAS 
MEDELLIN,N/A,
MEDELLIN,San Cristobal, SAN CRISTOBAL 
MEDELLIN,3, MANRIQUE CENTRAL 
MEDELLIN,13, 20 DE JULIO
MEDELLIN,7, ROBLEDO SANTA MARGARITA
MEDELLIN,3,MEDELLIN MANRIQUE CENTRAL
MEDELLIN,1,GRANIZAL 
MEDELLIN,7,ROBLEDO  HORIZONTE 
MEDELLIN,7,-ROBLEDO EL DIAMANTE
MEDELLIN,5,CASTILLA
MEDELLIN,1,SANTO DOMINGO 
MEDELLIN,9,BUENOS AIRES
MEDELLIN,2,BARRIO LA FRANCIA 
MEDELLIN,16,BELÉN 
MEDELLIN,3,RAIZAL
MEDELLIN,1, LA AVANZADA
MEDELLIN,2,LA FRANCIA 
MEDELLIN,9,BUENOS AIRES 
MEDELLIN,9, CAICEDO
MEDELLIN,5, CASTILLA
MEDELLIN,11,LAURELES 
MEDELLIN,N/A,
MEDELLIN,2, BARRIO ANDALUCÍA LA FRANCIA
MEDELLIN,7,ROBLEDO AURES
MEDELLIN,5, CASTILLA 
MEDELLIN,4,BRASILIA (COMUNA 4: ARANJUEZ)
MEDELLIN,1,  CARPINELO
MEDELLIN,5,CASTILLA LA UNIÓN 
MEDELLIN,6,BARRIO SANTANDER 
MEDELLIN,2, SANTA CRUZ
MEDELLIN,2, SANTA CRUZ 
MEDELLIN,1, POPULAR 1
MEDELLIN,N/A,
MEDELLIN,2, VILLA DEL SOCORRO 
MEDELLIN,10, PRADO CENTRO 
MEDELLIN,12,BARRIO CRISTÓBAL 
MEDELLIN,1,BARRIO SANTO DOMINGO SAVIO 
MEDELLIN,16,SAN BERNARDO 
MEDELLIN,5, CASTILLA 
MEDELLIN,9,CAICEDO 
MEDELLIN,1, SANTO DOMINGO
MEDELLIN,9,BUENOS AIRES 
MEDELLIN,6,BARRIO DOCE DE OCTUBRE
MEDELLIN,2, COMUNA 2 BARRIO LA FRNTERA
MEDELLIN,9, BUENOS AIRES
MEDELLIN,2,MEDELLIN/ LA FRANCIA 
MEDELLIN,4, ARANJUEZ
MEDELLIN,9,BUENOS AIRES 
MEDELLIN,12,CALLE 44 NO 75-8 
MEDELLIN,N/A,
MEDELLIN,7,BARRIO ROBLEDO
MEDELLIN,1,CARAMBOLAS 
MEDELLIN,2, SANTA CRUZ
MEDELLIN,2, SANTA CRUZ
MEDELLIN,5,FLORENCIA
MEDELLIN,5,BARRIO CASTILLA 
MEDELLIN,6, BARRIO DOCE DE OCTUBRE 
MEDELLIN,N/A,
MEDELLIN,10,MEDELLIN/ BARRIO LAS PALMAS
MEDELLIN,10, CENTRO
MEDELLIN,4,CAMPO VALDES 
MEDELLIN,9,BUENOS AIRES 
MEDELLIN,9,QUINTA LINDA BUENOS AIRES
MEDELLIN,8,LA SIERRA
MEDELLIN,1,CARAMBOLAS
MEDELLIN,4, ARANJUEZ 
MEDELLIN,9, LA MILAGROSA
MEDELLIN,6, DOCE DE OCTUBRE
MEDELLIN,1,SANTO DOMINGO 
MEDELLIN,3,MANRIQUE SAN PABLO2
MEDELLIN,N/A,MEDELLIN
MEDELLIN,N/A,MEDELLIN
MEDELLIN,N/A,MEDELLIN
MEDELLIN,N/A,MEDELLIN
MEDELLIN,N/A,MEDELLIN
MEDELLIN,N/A,MEDELLIN
MEDELLIN,N/A,MEDELLIN
MEDELLIN,N/A,MEDELLIN
MEDELLIN,N/A,MEDELLIN
MEDELLIN,N/A,MEDELLIN
MEDELLIN,N/A,MEDELLIN
MEDELLIN,N/A,MEDELLIN
MEDELLIN,N/A,MEDELLIN
MEDELLIN,N/A,MEDELLIN
MEDELLIN,N/A,N/A
MEDELLIN,5,FLORENCIA 
MEDELLIN,1,SANTO DOMINGO
MEDELLIN,10,MINORISTA 
MEDELLIN,12,LA AMERICA 
MEDELLIN,12,LA AMERICA 
MEDELLIN,3,N/A
MEDELLIN,14,N/A
MEDELLIN,2,N/A
MEDELLIN,16,N/A
MEDELLIN,6,N/A
MEDELLIN,6,N/A
MEDELLIN,10,N/A
MEDELLIN,1,N/A
MEDELLIN,1,N/A
MEDELLIN,10,N/A
MEDELLIN,1,N/A
MEDELLIN,7,N/A
MEDELLIN,8,N/A
MEDELLIN,2,N/A
MEDELLIN,1,N/A
MEDELLIN,9,N/A
MEDELLIN,1,N/A
MEDELLIN,1,N/A
MEDELLIN,5,N/A
MEDELLIN,10,N/A
MEDELLIN,2,N/A
MEDELLIN,9,N/A
MEDELLIN,1,N/A
MEDELLIN,10,N/A
MEDELLIN,50,N/A
MEDELLIN,14,N/A
MEDELLIN,14,N/A
MEDELLIN,10,N/A
MEDELLIN,2,N/A
MEDELLIN,6,N/A
MEDELLIN,10,N/A
MEDELLIN,13,N/A
MEDELLIN,7,N/A
MEDELLIN,6,N/A
MEDELLIN,2,N/A
MEDELLIN,14,N/A
MEDELLIN,10,N/A
MEDELLIN,1,N/A
MEDELLIN,10,N/A
MEDELLIN,8,N/A
MEDELLIN,2,N/A
MEDELLIN,7,N/A
MEDELLIN,9,N/A
MEDELLIN,7,N/A
MEDELLIN,2,N/A
MEDELLIN,12,N/A
MEDELLIN,16,N/A
MEDELLIN,10,N/A
MEDELLIN,13,N/A
MEDELLIN,N/A,MEDELLIN
MEDELLIN,N/A,MEDELLIN
MEDELLIN,N/A,MEDELLIN
MEDELLIN,N/A,MEDELLIN
MEDELLIN,N/A,MEDELLIN
MEDELLIN,N/A,MEDELLIN
MEDELLIN,N/A,MEDELLIN
MEDELLIN,N/A,MEDELLIN
MEDELLIN,N/A,MEDELLIN
MEDELLIN,N/A,MEDELLIN
MEDELLIN,N/A,MEDELLIN
MEDELLIN,N/A,MEDELLIN
MEDELLIN,N/A,MEDELLIN
MEDELLIN,N/A,MEDELLIN
MEDELLIN,N/A,MEDELLIN
MEDELLIN,N/A,MEDELLIN
MEDELLIN,N/A,MEDELLIN
MEDELLIN,N/A,MEDELLIN
MEDELLIN,N/A,MEDELLIN
MEDELLIN,N/A,MEDELLIN
MEDELLIN,N/A,MEDELLIN
MEDELLIN,N/A,MEDELLIN
MEDELLIN,N/A,MEDELLIN
MEDELLIN,N/A,MEDELLIN
MEDELLIN,N/A,MEDELLIN
MEDELLIN,N/A,MEDELLIN
MEDELLIN,N/A,MEDELLIN
MEDELLIN,N/A,MEDELLIN
MEDELLIN,14,Santa Mónica 
MEDELLIN,5,Florencia
MEDELLIN,11,Estadio
MEDELLIN,7,Robledo Aures
MEDELLIN,7,Robledo Aures
MEDELLIN,11,
MEDELLIN,10,
MEDELLIN,7,
MEDELLIN,Parque principal,
MEDELLIN,13,20 de Julio
MEDELLIN,9,Las Palmas y Salvador
MEDELLIN,Santa Elena  ,Vereda el cartucho
MEDELLIN,Santa Elena  ,Vereda el cartucho
MEDELLIN,Santa Elena  ,Vereda San Ignacio
MEDELLIN,Santa Elena  ,Santa Elena
MEDELLIN,10,
MEDELLIN,10,
MEDELLIN,N/A,
MEDELLIN,N/A,
MEDELLIN,N/A,
MEDELLIN,N/A,
MEDELLIN,N/A,
MEDELLIN,N/A,
MEDELLIN,N/A,
MEDELLIN,N/A,
MEDELLIN,N/A,
MEDELLIN,N/A,
MEDELLIN,N/A,
MEDELLIN,N/A,
MEDELLIN,N/A,
MEDELLIN,N/A,
MEDELLIN,N/A,
MEDELLIN,N/A,
MEDELLIN,N/A,
MEDELLIN,N/A,
MEDELLIN,N/A,
MEDELLIN,N/A,
MEDELLIN,N/A,
MEDELLIN,N/A,
MEDELLIN,N/A,
MEDELLIN,N/A,
MEDELLIN,N/A,
MEDELLIN,N/A,
MEDELLIN,N/A,
MEDELLIN,9,La milagrosa
MEDELLIN,3,Las Probien
MEDELLIN,2,Villa del socorro
MEDELLIN,10,Boston
MEDELLIN,10,Boston
MEDELLIN,10,BOMBONA
MEDELLIN,11,Conquistadores
MEDELLIN,16,Belen
MEDELLIN,5,Castilla
MEDELLIN,8,Villa Hermosa la Mansión
MEDELLIN,7,Santa Margarita
MEDELLIN,4,Campo Valdes
MEDELLIN,11,Laureles
MEDELLIN,8,caicedo
MEDELLIN,2,Popular 1
MEDELLIN,12,LAURELES
MEDELLIN,2,Popular
MEDELLIN,7,Robledo Pajarito
MEDELLIN,2,Popular
MEDELLIN,11,LAURELES
MEDELLIN,5,Castilla
MEDELLIN,5,castilla
MEDELLIN,7,Altamira
MEDELLIN,16,las playas
MEDELLIN,7,Robledo
MEDELLIN,7,CALASANZ
MEDELLIN,1,Manrique
MEDELLIN,8,Caicedo
MEDELLIN,5,TOSCANA SECTOR LA PLAYITA
MEDELLIN,11,Estadio
MEDELLIN,1,Manrique Oriental
MEDELLIN,1,SANTODOMINGO
MEDELLIN,12,Calazans
MEDELLIN,5,toscana
MEDELLIN,8,Caicedo
MEDELLIN,3,MANRIQUE ORIENTAL
MEDELLIN,9,Buenos Aires
MEDELLIN,4,Campo valdes
MEDELLIN,1,SANTO DOMINGO
MEDELLIN,8,Caicedo
MEDELLIN,1,Comuna 1
MEDELLIN,10,CANDELARIA
MEDELLIN,4,Campo Valdes
MEDELLIN,8,Enciso
MEDELLIN,7,Robledo
MEDELLIN,7,Robledo
MEDELLIN,1,Moscu
MEDELLIN,10,boston
MEDELLIN,10,Boston
MEDELLIN,10,Boston
MEDELLIN,8,LA LIBERTA
MEDELLIN,10,Boston
MEDELLIN,9,Milagrosa
MEDELLIN,3,MANRIQUE
MEDELLIN,3,Manrique
MEDELLIN,11,calazans
MEDELLIN,1,Villa de Guadalupe
MEDELLIN,6,Mirador del Doce
MEDELLIN,7,Robledo Aures 1
MEDELLIN,1,Moscu
MEDELLIN,7,Palenque
MEDELLIN,16,Belén
MEDELLIN,9,Salvador
MEDELLIN,9,Buenos Aires
MEDELLIN,16,BELEN
MEDELLIN,2,POPULAR 1
MEDELLIN,9,MILAGROSA
MEDELLIN,9,Milagrosa
MEDELLIN,Santa Elena,Santa Elena
MEDELLIN,12,La america
MEDELLIN,7,BOSTON
MEDELLIN,4,Aranjuez
MEDELLIN,1,Moscu
MEDELLIN,10,Boston
MEDELLIN,7,Robledo
MEDELLIN,1,El compromiso
MEDELLIN,11,conquistdores
MEDELLIN,7,ROBLEDO VILLA SOFIA
MEDELLIN,5,Castilla
MEDELLIN,10,Centro
MEDELLIN,1,El compromiso
MEDELLIN,10,CANDELARIA
MEDELLIN,10,Centro
MEDELLIN,5,Alfonso López
MEDELLIN,4,moravia
MEDELLIN,16,Loma de los Bernal
MEDELLIN,1,GRANIZAL
MEDELLIN,5,Castilla
MEDELLIN,1,MOSCU 2
MEDELLIN,8,Llanaditas
MEDELLIN,8,Caicedo
MEDELLIN,1,MOSCU 2
MEDELLIN,8,ALTOS DE LA MORA
MEDELLIN,8,libertad
MEDELLIN,8,La LIbertad
MEDELLIN,4,Campo Valdez
MEDELLIN,9,Palmas de cataluña
MEDELLIN,4,Campo Valdes
MEDELLIN,9,Bomboná 2
MEDELLIN,10,Prado centro
MEDELLIN,9,Alejandro Echavarria
MEDELLIN,4,ARANJUEZ
MEDELLIN,6,Robledo
MEDELLIN,7,Palenque
MEDELLIN,9,los mangos
MEDELLIN,3,MANRIQUE CENTRAL
MEDELLIN,8,Boston
MEDELLIN,5,Castilla
MEDELLIN,8,Villahermosa
MEDELLIN,7,robledo
MEDELLIN,3,manrique central
MEDELLIN,3,MANRIQUE CENTRAL 2
MEDELLIN,16,Prado centro
MEDELLIN,5,Toscana
MEDELLIN,5,Castilla
MEDELLIN,16,Belen la mota
MEDELLIN,7,Pilarica
MEDELLIN,7,Robledo El Diamante
MEDELLIN,13,Comuna 13
MEDELLIN,13,SAN JAVIER EL SOCORRO
MEDELLIN,9,Buenos Aires
MEDELLIN,9,BUENOS AIRES
MEDELLIN,7,El Diamante
MEDELLIN,13,San Javier
MEDELLIN,7,Robledo el diamante
MEDELLIN,2,Villa del Socorro
MEDELLIN,7,Robledo el diamante
MEDELLIN,9,La Milagrosa
MEDELLIN,13,el socorro
MEDELLIN,5,Pedregal
MEDELLIN,11,Los Colores
MEDELLIN,2,Villa del Socorro
MEDELLIN,11,LAURELES
MEDELLIN,10,La candelaria
MEDELLIN,6,Pajarito
MEDELLIN,80,Vereda el Vergel
MEDELLIN,8,ENCISO
MEDELLIN,14,Poblado
MEDELLIN,9,buenos aires
MEDELLIN,8,Villa Hermosa
MEDELLIN,8,Lopez de Mesa
MEDELLIN,9,Bombona II
MEDELLIN,10,CANDELARIA
MEDELLIN,9,Buenos Aires
MEDELLIN,7,Robledo Altamira
MEDELLIN,9,Buenos Aires
MEDELLIN,7,ROBLEDO MIRAMAR
MEDELLIN,10,Centro
MEDELLIN,16,DOCE DE OCTUBRE
MEDELLIN,4,Campo valdes
MEDELLIN,5,Castilla
MEDELLIN,9,Buenos Aires
MEDELLIN,10,Bombona 1
MEDELLIN,16,Rodeo alto
MEDELLIN,16,Rodeo alto
MEDELLIN,5,Francisco Antonio zea
MEDELLIN,5,Castilla
MEDELLIN,2,SANTA CRUZ
MEDELLIN,7,San german
MEDELLIN,9,BUENOS AIRES
MEDELLIN,5,Pedregal
MEDELLIN,9,Buenos Aires
MEDELLIN,3,La candelaria
MEDELLIN,1,villa del socorro
MEDELLIN,10,Centro
MEDELLIN,8,Villa hermosa
MEDELLIN,4,Campo Valdés
MEDELLIN,14,Loma del indio
MEDELLIN,8,San Germán
MEDELLIN,9,eterna primavera
MEDELLIN,3,Manrique oriental
MEDELLIN,10,PRADO CENTRO
MEDELLIN,10,San juan
MEDELLIN,2,Moscu
MEDELLIN,10,San Juan
MEDELLIN,3,la salle
MEDELLIN,11,Conquistadores
MEDELLIN,8,Caicedo
MEDELLIN,8,Caicedo
MEDELLIN,7,RODEO AURORA
MEDELLIN,14,GUAYABAL
MEDELLIN,6,12 de cotubre
MEDELLIN,12,Calasanz
MEDELLIN,12,Calazans
MEDELLIN,4,Aranjuez
MEDELLIN,15,GUAYABAL
MEDELLIN,12,calazan
MEDELLIN,10,Bostón
MEDELLIN,7,ROBLEDO
MEDELLIN,10,BOMBONA
MEDELLIN,2,Santa Cruz
MEDELLIN,3,Manrrique
MEDELLIN,14,La arenera
MEDELLIN,2,Popular
MEDELLIN,2,SANTA CRUZ
MEDELLIN,12,America
MEDELLIN,2,Villa del Socorro
MEDELLIN,2,Villa del Socorro
MEDELLIN,8,La Libertad
MEDELLIN,10,Centro
MEDELLIN,13,Belencito
MEDELLIN,9,Caunces
MEDELLIN,3,san pablo
MEDELLIN,9,CAUNCES DE ORIENTE
MEDELLIN,1,El compromiso
MEDELLIN,16,Belén
MEDELLIN,16,BELEN
MEDELLIN,13,estación
MEDELLIN,9,BUENOS AIRES
MEDELLIN,1,Santo Domingo
MEDELLIN,4,Moravia
MEDELLIN,4,Aranjuez
MEDELLIN,10,Prado centro
MEDELLIN,13,Calazans
MEDELLIN,16,Belen
MEDELLIN,8,Villa hermosa
MEDELLIN,3,Manrique
MEDELLIN,4,Campo Valdez
MEDELLIN,12,La floresta
MEDELLIN,1,GRANIZAL
MEDELLIN,12,Calasanz
MEDELLIN,5,Castilla
MEDELLIN,3,MANRIQUE
MEDELLIN,3,MANRIQUE
MEDELLIN,1,Popular
MEDELLIN,1,El compromisos
MEDELLIN,4,Aranjuez San Isidro